{"max": [0.291653, 0.434655, 0.259295], "centroid": [0.015073726579852226, -0.06210993218561503, -0.0541419103379946], "id": "2f1bc92c53f359d759a6208793b9dfca", "numVertices": 8954, "min": [-0.272895, -0.437598, -0.488714]}
