{"max": [2.36622, 0.728738, -0.123949], "centroid": [1.1834122799044244, 0.4643996216642191, -0.47180931753554417], "id": "1a9bb6a5cf448d75e6fd255f2d77a585", "numVertices": 2532, "min": [0.000655599, -0.00129367, -0.801116]}
