{"max": [-0.256205, 0.678158, 0.324171], "centroid": [-0.6351108714754096, 0.39322268517377057, -0.23546118767278687], "id": "5f5a3d412807984a27f9863535eba56c", "numVertices": 1525, "min": [-1.07093, 0.00569283, -0.809359]}
