{"max": [0.384517, 0.455, 0.719994], "centroid": [0.02421833279444434, 0.3159483204134365, 0.4120731086821706], "id": "1a8a796da899cb2c4d672fe014b9000e", "numVertices": 774, "min": [-0.328716, 0.0, 0.00602015]}
