{"max": [0.0, 0.528, 0.0], "centroid": [-0.35676846421336456, 0.32095492497069145, -0.20274190501055078], "id": "1a767b8130e8a5722a7d46e74f08da70", "numVertices": 853, "min": [-0.7, 0.0, -0.32]}
