{"max": [0.523967, 0.49, 0.172207], "centroid": [-0.058228112970069176, 0.1980450575287797, -0.030234527244819714], "id": "1a9ea91307d15d91f51f77a6d7299806", "numVertices": 1303, "min": [-0.631502, 0.0, -0.229234]}
