{"max": [1.27673, 1.1103, 1.34584], "centroid": [-0.13525733573566098, 0.8536055836907749, 0.9732838299251854], "id": "1a8fe5baa2d4b5f7ee84261b3d20656", "numVertices": 802, "min": [-1.77351, -0.00721564, -0.134161]}
