{"max": [1.25025, 2.0, 1.25025], "centroid": [0.5, 0.8799999999999999, 0.5740925925925926], "id": "5cdf1e5cc2fdacedb01116e8ff585621", "numVertices": 54, "min": [-0.25025, 0.0, 0.0]}
