{"max": [0.490537, 1.03029, 0.490537], "centroid": [0.24526864705882326, 0.5012047681058824, 0.3514735941176468], "id": "9ab4d3826bd2f07b51bb569b4bf0aada", "numVertices": 68, "min": [0.0, 0.0, 0.0]}
